dataset,model_name,scenario,seed,window_size,alphabet_size,status,accuracy,precision,recall,f1_score
BATADAL,LSTM,normal,42,4,3,Success,0.9032648125755744,0.0,0.0,0.0
BATADAL,Automata,normal,42,4,3,Success,0.6626794258373205,0.1994047619047619,0.8375,0.3221153846153846
BATADAL,LSTM,normal,42,3,3,Success,0.9032648125755744,0.0,0.0,0.0
BATADAL,Automata,normal,42,3,3,Success,0.9043062200956936,0.5,0.1125,0.1836734693877551
BATADAL,LSTM,normal,42,3,4,Success,0.9032648125755744,0.0,0.0,0.0
BATADAL,Automata,normal,42,3,4,Success,0.7787081339712919,0.073170731707317,0.1125,0.0886699507389162
BATADAL,LSTM,normal,42,3,5,Success,0.9032648125755744,0.0,0.0,0.0
BATADAL,Automata,normal,42,3,5,Success,0.5610047846889952,0.0911680911680911,0.4,0.148491879350348
BATADAL,LSTM,normal,42,3,6,Success,0.9032648125755744,0.0,0.0,0.0
BATADAL,Automata,normal,42,3,6,Success,0.3433014354066985,0.1111111111111111,0.8375,0.1961932650073206
BATADAL,LSTM,normal,42,4,3,Success,0.9032648125755744,0.0,0.0,0.0
BATADAL,Automata,normal,42,4,3,Success,0.6626794258373205,0.1994047619047619,0.8375,0.3221153846153846
BATADAL,LSTM,normal,42,4,4,Success,0.9032648125755744,0.0,0.0,0.0
BATADAL,Automata,normal,42,4,4,Success,0.3086124401913875,0.0983870967741935,0.7625,0.1742857142857143
BATADAL,LSTM,normal,42,4,5,Success,0.9032648125755744,0.0,0.0,0.0
BATADAL,Automata,normal,42,4,5,Success,0.2535885167464115,0.1136363636363636,1.0,0.2040816326530612
BATADAL,LSTM,normal,42,4,6,Success,0.9032648125755744,0.0,0.0,0.0
BATADAL,Automata,normal,42,4,6,Success,0.124401913875598,0.0985221674876847,1.0,0.179372197309417
BATADAL,LSTM,normal,42,5,3,Success,0.9032648125755744,0.0,0.0,0.0
BATADAL,Automata,normal,42,5,3,Success,0.7320574162679426,0.2517241379310345,0.9125,0.3945945945945946
BATADAL,LSTM,normal,42,5,4,Success,0.9032648125755744,0.0,0.0,0.0
BATADAL,Automata,normal,42,5,4,Success,0.4258373205741627,0.1428571428571428,1.0,0.25
BATADAL,LSTM,normal,42,5,5,Success,0.9032648125755744,0.0,0.0,0.0
BATADAL,Automata,normal,42,5,5,Success,0.1555023923444976,0.0987179487179487,0.9625,0.1790697674418604
BATADAL,LSTM,normal,42,5,6,Success,0.9032648125755744,0.0,0.0,0.0
BATADAL,Automata,normal,42,5,6,Success,0.1148325358851674,0.0975609756097561,1.0,0.1777777777777777
BATADAL,LSTM,normal,42,6,3,Success,0.9032648125755744,0.0,0.0,0.0
BATADAL,Automata,normal,42,6,3,Success,0.3684210526315789,0.1228956228956228,0.9125,0.2166172106824926
BATADAL,LSTM,normal,42,6,4,Success,0.9032648125755744,0.0,0.0,0.0
BATADAL,Automata,normal,42,6,4,Success,0.1267942583732057,0.0987654320987654,1.0,0.1797752808988764
BATADAL,LSTM,normal,42,6,5,Success,0.9032648125755744,0.0,0.0,0.0
BATADAL,Automata,normal,42,6,5,Success,0.1196172248803827,0.0980392156862745,1.0,0.1785714285714285
BATADAL,LSTM,normal,42,6,6,Success,0.9032648125755744,0.0,0.0,0.0
BATADAL,Automata,normal,42,6,6,Success,0.1052631578947368,0.0966183574879227,1.0,0.1762114537444934
BATADAL,LSTM,normal,123,3,3,Success,0.9032648125755744,0.0,0.0,0.0
BATADAL,Automata,normal,123,3,3,Success,0.9043062200956936,0.5,0.1125,0.1836734693877551
BATADAL,LSTM,normal,123,3,4,Success,0.9032648125755744,0.0,0.0,0.0
BATADAL,Automata,normal,123,3,4,Success,0.7787081339712919,0.073170731707317,0.1125,0.0886699507389162
BATADAL,LSTM,normal,123,3,5,Success,0.9032648125755744,0.0,0.0,0.0
BATADAL,Automata,normal,123,3,5,Success,0.5610047846889952,0.0911680911680911,0.4,0.148491879350348
BATADAL,LSTM,normal,123,3,6,Success,0.9032648125755744,0.0,0.0,0.0
BATADAL,Automata,normal,123,3,6,Success,0.3433014354066985,0.1111111111111111,0.8375,0.1961932650073206
BATADAL,LSTM,normal,123,4,3,Success,0.9032648125755744,0.0,0.0,0.0
BATADAL,Automata,normal,123,4,3,Success,0.6626794258373205,0.1994047619047619,0.8375,0.3221153846153846
BATADAL,LSTM,normal,123,4,4,Success,0.9032648125755744,0.0,0.0,0.0
BATADAL,Automata,normal,123,4,4,Success,0.3086124401913875,0.0983870967741935,0.7625,0.1742857142857143
BATADAL,LSTM,normal,123,4,5,Success,0.9032648125755744,0.0,0.0,0.0
BATADAL,Automata,normal,123,4,5,Success,0.2535885167464115,0.1136363636363636,1.0,0.2040816326530612
BATADAL,LSTM,normal,123,4,6,Success,0.9032648125755744,0.0,0.0,0.0
BATADAL,Automata,normal,123,4,6,Success,0.124401913875598,0.0985221674876847,1.0,0.179372197309417
BATADAL,LSTM,normal,123,5,3,Success,0.9032648125755744,0.0,0.0,0.0
BATADAL,Automata,normal,123,5,3,Success,0.7320574162679426,0.2517241379310345,0.9125,0.3945945945945946
BATADAL,LSTM,normal,123,5,4,Success,0.9032648125755744,0.0,0.0,0.0
BATADAL,Automata,normal,123,5,4,Success,0.4258373205741627,0.1428571428571428,1.0,0.25
BATADAL,LSTM,normal,123,5,5,Success,0.9032648125755744,0.0,0.0,0.0
BATADAL,Automata,normal,123,5,5,Success,0.1555023923444976,0.0987179487179487,0.9625,0.1790697674418604
BATADAL,LSTM,normal,123,5,6,Success,0.9032648125755744,0.0,0.0,0.0
BATADAL,Automata,normal,123,5,6,Success,0.1148325358851674,0.0975609756097561,1.0,0.1777777777777777
BATADAL,LSTM,normal,123,6,3,Success,0.9032648125755744,0.0,0.0,0.0
BATADAL,Automata,normal,123,6,3,Success,0.3684210526315789,0.1228956228956228,0.9125,0.2166172106824926
BATADAL,LSTM,normal,123,6,4,Success,0.9032648125755744,0.0,0.0,0.0
BATADAL,Automata,normal,123,6,4,Success,0.1267942583732057,0.0987654320987654,1.0,0.1797752808988764
BATADAL,LSTM,normal,123,6,5,Success,0.9032648125755744,0.0,0.0,0.0
BATADAL,Automata,normal,123,6,5,Success,0.1196172248803827,0.0980392156862745,1.0,0.1785714285714285
BATADAL,LSTM,normal,123,6,6,Success,0.9032648125755744,0.0,0.0,0.0
BATADAL,Automata,normal,123,6,6,Success,0.1052631578947368,0.0966183574879227,1.0,0.1762114537444934
BATADAL,LSTM,normal,2026,3,3,Success,0.9032648125755744,0.0,0.0,0.0
BATADAL,Automata,normal,2026,3,3,Success,0.9043062200956936,0.5,0.1125,0.1836734693877551
BATADAL,LSTM,normal,2026,3,4,Success,0.9032648125755744,0.0,0.0,0.0
BATADAL,Automata,normal,2026,3,4,Success,0.7787081339712919,0.073170731707317,0.1125,0.0886699507389162
BATADAL,LSTM,normal,2026,3,5,Success,0.9032648125755744,0.0,0.0,0.0
BATADAL,Automata,normal,2026,3,5,Success,0.5610047846889952,0.0911680911680911,0.4,0.148491879350348
BATADAL,LSTM,normal,2026,3,6,Success,0.9032648125755744,0.0,0.0,0.0
BATADAL,Automata,normal,2026,3,6,Success,0.3433014354066985,0.1111111111111111,0.8375,0.1961932650073206
BATADAL,LSTM,normal,2026,4,3,Success,0.9032648125755744,0.0,0.0,0.0
BATADAL,Automata,normal,2026,4,3,Success,0.6626794258373205,0.1994047619047619,0.8375,0.3221153846153846
BATADAL,LSTM,normal,2026,4,4,Success,0.9032648125755744,0.0,0.0,0.0
BATADAL,Automata,normal,2026,4,4,Success,0.3086124401913875,0.0983870967741935,0.7625,0.1742857142857143
BATADAL,LSTM,normal,2026,4,5,Success,0.9032648125755744,0.0,0.0,0.0
BATADAL,Automata,normal,2026,4,5,Success,0.2535885167464115,0.1136363636363636,1.0,0.2040816326530612
BATADAL,LSTM,normal,2026,4,6,Success,0.9032648125755744,0.0,0.0,0.0
BATADAL,Automata,normal,2026,4,6,Success,0.124401913875598,0.0985221674876847,1.0,0.179372197309417
BATADAL,LSTM,normal,2026,5,3,Success,0.9032648125755744,0.0,0.0,0.0
BATADAL,Automata,normal,2026,5,3,Success,0.7320574162679426,0.2517241379310345,0.9125,0.3945945945945946
BATADAL,LSTM,normal,2026,5,4,Success,0.9032648125755744,0.0,0.0,0.0
BATADAL,Automata,normal,2026,5,4,Success,0.4258373205741627,0.1428571428571428,1.0,0.25
BATADAL,LSTM,normal,2026,5,5,Success,0.9032648125755744,0.0,0.0,0.0
BATADAL,Automata,normal,2026,5,5,Success,0.1555023923444976,0.0987179487179487,0.9625,0.1790697674418604
BATADAL,LSTM,normal,2026,5,6,Success,0.9032648125755744,0.0,0.0,0.0
BATADAL,Automata,normal,2026,5,6,Success,0.1148325358851674,0.0975609756097561,1.0,0.1777777777777777
BATADAL,LSTM,normal,2026,6,3,Success,0.9032648125755744,0.0,0.0,0.0
BATADAL,Automata,normal,2026,6,3,Success,0.3684210526315789,0.1228956228956228,0.9125,0.2166172106824926
BATADAL,LSTM,normal,2026,6,4,Success,0.9032648125755744,0.0,0.0,0.0
BATADAL,Automata,normal,2026,6,4,Success,0.1267942583732057,0.0987654320987654,1.0,0.1797752808988764
BATADAL,LSTM,normal,2026,6,5,Success,0.9032648125755744,0.0,0.0,0.0
BATADAL,Automata,normal,2026,6,5,Success,0.1196172248803827,0.0980392156862745,1.0,0.1785714285714285
BATADAL,LSTM,normal,2026,6,6,Success,0.9032648125755744,0.0,0.0,0.0
BATADAL,Automata,normal,2026,6,6,Success,0.1052631578947368,0.0966183574879227,1.0,0.1762114537444934
BATADAL,LSTM,normal,7,3,3,Success,0.9032648125755744,0.0,0.0,0.0
BATADAL,Automata,normal,7,3,3,Success,0.9043062200956936,0.5,0.1125,0.1836734693877551
BATADAL,LSTM,normal,7,3,4,Success,0.9032648125755744,0.0,0.0,0.0
BATADAL,Automata,normal,7,3,4,Success,0.7787081339712919,0.073170731707317,0.1125,0.0886699507389162
BATADAL,LSTM,normal,7,3,5,Success,0.9032648125755744,0.0,0.0,0.0
BATADAL,Automata,normal,7,3,5,Success,0.5610047846889952,0.0911680911680911,0.4,0.148491879350348
BATADAL,LSTM,normal,7,3,6,Success,0.9032648125755744,0.0,0.0,0.0
BATADAL,Automata,normal,7,3,6,Success,0.3433014354066985,0.1111111111111111,0.8375,0.1961932650073206
BATADAL,LSTM,normal,7,4,3,Success,0.9032648125755744,0.0,0.0,0.0
BATADAL,Automata,normal,7,4,3,Success,0.6626794258373205,0.1994047619047619,0.8375,0.3221153846153846
BATADAL,LSTM,normal,7,4,4,Success,0.9032648125755744,0.0,0.0,0.0
BATADAL,Automata,normal,7,4,4,Success,0.3086124401913875,0.0983870967741935,0.7625,0.1742857142857143
BATADAL,LSTM,normal,7,4,5,Success,0.9032648125755744,0.0,0.0,0.0
BATADAL,Automata,normal,7,4,5,Success,0.2535885167464115,0.1136363636363636,1.0,0.2040816326530612
BATADAL,LSTM,normal,7,4,6,Success,0.9032648125755744,0.0,0.0,0.0
BATADAL,Automata,normal,7,4,6,Success,0.124401913875598,0.0985221674876847,1.0,0.179372197309417
BATADAL,LSTM,normal,7,5,3,Success,0.9032648125755744,0.0,0.0,0.0
BATADAL,Automata,normal,7,5,3,Success,0.7320574162679426,0.2517241379310345,0.9125,0.3945945945945946
BATADAL,LSTM,normal,7,5,4,Success,0.9032648125755744,0.0,0.0,0.0
BATADAL,Automata,normal,7,5,4,Success,0.4258373205741627,0.1428571428571428,1.0,0.25
BATADAL,LSTM,normal,7,5,5,Success,0.9032648125755744,0.0,0.0,0.0
BATADAL,Automata,normal,7,5,5,Success,0.1555023923444976,0.0987179487179487,0.9625,0.1790697674418604
BATADAL,LSTM,normal,7,5,6,Success,0.9032648125755744,0.0,0.0,0.0
BATADAL,Automata,normal,7,5,6,Success,0.1148325358851674,0.0975609756097561,1.0,0.1777777777777777
BATADAL,LSTM,normal,7,6,3,Success,0.9032648125755744,0.0,0.0,0.0
BATADAL,Automata,normal,7,6,3,Success,0.3684210526315789,0.1228956228956228,0.9125,0.2166172106824926
BATADAL,LSTM,normal,7,6,4,Success,0.9032648125755744,0.0,0.0,0.0
BATADAL,Automata,normal,7,6,4,Success,0.1267942583732057,0.0987654320987654,1.0,0.1797752808988764
BATADAL,LSTM,normal,7,6,5,Success,0.9032648125755744,0.0,0.0,0.0
BATADAL,Automata,normal,7,6,5,Success,0.1196172248803827,0.0980392156862745,1.0,0.1785714285714285
BATADAL,LSTM,normal,7,6,6,Success,0.9032648125755744,0.0,0.0,0.0
BATADAL,Automata,normal,7,6,6,Success,0.1052631578947368,0.0966183574879227,1.0,0.1762114537444934
BATADAL,LSTM,normal,999,3,3,Success,0.9032648125755744,0.0,0.0,0.0
BATADAL,Automata,normal,999,3,3,Success,0.9043062200956936,0.5,0.1125,0.1836734693877551
BATADAL,LSTM,normal,999,3,4,Success,0.9032648125755744,0.0,0.0,0.0
BATADAL,Automata,normal,999,3,4,Success,0.7787081339712919,0.073170731707317,0.1125,0.0886699507389162
BATADAL,LSTM,normal,999,3,5,Success,0.9032648125755744,0.0,0.0,0.0
BATADAL,Automata,normal,999,3,5,Success,0.5610047846889952,0.0911680911680911,0.4,0.148491879350348
BATADAL,LSTM,normal,999,3,6,Success,0.9032648125755744,0.0,0.0,0.0
BATADAL,Automata,normal,999,3,6,Success,0.3433014354066985,0.1111111111111111,0.8375,0.1961932650073206
BATADAL,LSTM,normal,999,4,3,Success,0.9032648125755744,0.0,0.0,0.0
BATADAL,Automata,normal,999,4,3,Success,0.6626794258373205,0.1994047619047619,0.8375,0.3221153846153846
BATADAL,LSTM,normal,999,4,4,Success,0.9032648125755744,0.0,0.0,0.0
BATADAL,Automata,normal,999,4,4,Success,0.3086124401913875,0.0983870967741935,0.7625,0.1742857142857143
BATADAL,LSTM,normal,999,4,5,Success,0.9032648125755744,0.0,0.0,0.0
BATADAL,Automata,normal,999,4,5,Success,0.2535885167464115,0.1136363636363636,1.0,0.2040816326530612
BATADAL,LSTM,normal,999,4,6,Success,0.9032648125755744,0.0,0.0,0.0
BATADAL,Automata,normal,999,4,6,Success,0.124401913875598,0.0985221674876847,1.0,0.179372197309417
BATADAL,LSTM,normal,999,5,3,Success,0.9032648125755744,0.0,0.0,0.0
BATADAL,Automata,normal,999,5,3,Success,0.7320574162679426,0.2517241379310345,0.9125,0.3945945945945946
BATADAL,LSTM,normal,999,5,4,Success,0.9032648125755744,0.0,0.0,0.0
BATADAL,Automata,normal,999,5,4,Success,0.4258373205741627,0.1428571428571428,1.0,0.25
BATADAL,LSTM,normal,999,5,5,Success,0.9032648125755744,0.0,0.0,0.0
BATADAL,Automata,normal,999,5,5,Success,0.1555023923444976,0.0987179487179487,0.9625,0.1790697674418604
BATADAL,LSTM,normal,999,5,6,Success,0.9032648125755744,0.0,0.0,0.0
BATADAL,Automata,normal,999,5,6,Success,0.1148325358851674,0.0975609756097561,1.0,0.1777777777777777
BATADAL,LSTM,normal,999,6,3,Success,0.9032648125755744,0.0,0.0,0.0
BATADAL,Automata,normal,999,6,3,Success,0.3684210526315789,0.1228956228956228,0.9125,0.2166172106824926
BATADAL,LSTM,normal,999,6,4,Success,0.9032648125755744,0.0,0.0,0.0
BATADAL,Automata,normal,999,6,4,Success,0.1267942583732057,0.0987654320987654,1.0,0.1797752808988764
BATADAL,LSTM,normal,999,6,5,Success,0.9032648125755744,0.0,0.0,0.0
BATADAL,Automata,normal,999,6,5,Success,0.1196172248803827,0.0980392156862745,1.0,0.1785714285714285
BATADAL,LSTM,normal,999,6,6,Success,0.9032648125755744,0.0,0.0,0.0
BATADAL,Automata,normal,999,6,6,Success,0.1052631578947368,0.0966183574879227,1.0,0.1762114537444934
BATADAL,LSTM,noisy,42,3,3,Success,0.9032648125755744,0.0,0.0,0.0
BATADAL,Automata,noisy,42,3,3,Success,0.8935406698564593,0.3333333333333333,0.1125,0.1682242990654205
BATADAL,LSTM,noisy,42,3,4,Success,0.9032648125755744,0.0,0.0,0.0
BATADAL,Automata,noisy,42,3,4,Success,0.7607655502392344,0.0652173913043478,0.1125,0.0825688073394495
BATADAL,LSTM,noisy,42,3,5,Success,0.9032648125755744,0.0,0.0,0.0
BATADAL,Automata,noisy,42,3,5,Success,0.5466507177033493,0.0881542699724518,0.4,0.1444695259593679
BATADAL,LSTM,noisy,42,3,6,Success,0.9032648125755744,0.0,0.0,0.0
BATADAL,Automata,noisy,42,3,6,Success,0.361244019138756,0.1216666666666666,0.9125,0.2147058823529411
BATADAL,LSTM,noisy,42,4,3,Success,0.9032648125755744,0.0,0.0,0.0
BATADAL,Automata,noisy,42,4,3,Success,0.6435406698564593,0.1317567567567567,0.4875,0.2074468085106383
BATADAL,LSTM,noisy,42,4,4,Success,0.9032648125755744,0.0,0.0,0.0
BATADAL,Automata,noisy,42,4,4,Success,0.3253588516746411,0.1045751633986928,0.8,0.1849710982658959
BATADAL,LSTM,noisy,42,4,5,Success,0.9032648125755744,0.0,0.0,0.0
BATADAL,Automata,noisy,42,4,5,Success,0.2392344497607655,0.1117318435754189,1.0,0.2010050251256281
BATADAL,LSTM,noisy,42,4,6,Success,0.9032648125755744,0.0,0.0,0.0
BATADAL,Automata,noisy,42,4,6,Success,0.1339712918660287,0.099502487562189,1.0,0.1809954751131221
BATADAL,LSTM,noisy,42,5,3,Success,0.9032648125755744,0.0,0.0,0.0
BATADAL,Automata,noisy,42,5,3,Success,0.6782296650717703,0.217910447761194,0.9125,0.3518072289156626
BATADAL,LSTM,noisy,42,5,4,Success,0.9032648125755744,0.0,0.0,0.0
BATADAL,Automata,noisy,42,5,4,Success,0.4557416267942584,0.1495327102803738,1.0,0.2601626016260163
BATADAL,LSTM,noisy,42,5,5,Success,0.9032648125755744,0.0,0.0,0.0
BATADAL,Automata,noisy,42,5,5,Success,0.1626794258373205,0.1025641025641025,1.0,0.1860465116279069
BATADAL,LSTM,noisy,42,5,6,Success,0.9032648125755744,0.0,0.0,0.0
BATADAL,Automata,noisy,42,5,6,Success,0.138755980861244,0.1,1.0,0.1818181818181818
BATADAL,LSTM,noisy,42,6,3,Success,0.9032648125755744,0.0,0.0,0.0
BATADAL,Automata,noisy,42,6,3,Success,0.3971291866028708,0.1280701754385965,0.9125,0.2246153846153846
BATADAL,LSTM,noisy,42,6,4,Success,0.9032648125755744,0.0,0.0,0.0
BATADAL,Automata,noisy,42,6,4,Success,0.1339712918660287,0.099502487562189,1.0,0.1809954751131221
BATADAL,LSTM,noisy,42,6,5,Success,0.9032648125755744,0.0,0.0,0.0
BATADAL,Automata,noisy,42,6,5,Success,0.1052631578947368,0.0966183574879227,1.0,0.1762114537444934
BATADAL,LSTM,noisy,42,6,6,Success,0.9032648125755744,0.0,0.0,0.0
BATADAL,Automata,noisy,42,6,6,Success,0.1052631578947368,0.0966183574879227,1.0,0.1762114537444934
BATADAL,LSTM,noisy,123,3,3,Success,0.9032648125755744,0.0,0.0,0.0
BATADAL,Automata,noisy,123,3,3,Success,0.9078947368421052,0.5384615384615384,0.2625,0.3529411764705882
BATADAL,LSTM,noisy,123,3,4,Success,0.9032648125755744,0.0,0.0,0.0
BATADAL,Automata,noisy,123,3,4,Success,0.7607655502392344,0.0652173913043478,0.1125,0.0825688073394495
BATADAL,LSTM,noisy,123,3,5,Success,0.9032648125755744,0.0,0.0,0.0
BATADAL,Automata,noisy,123,3,5,Success,0.5251196172248804,0.0904392764857881,0.4375,0.1498929336188436
BATADAL,LSTM,noisy,123,3,6,Success,0.9032648125755744,0.0,0.0,0.0
BATADAL,Automata,noisy,123,3,6,Success,0.3253588516746411,0.1158730158730158,0.9125,0.2056338028169014
BATADAL,LSTM,noisy,123,4,3,Success,0.9032648125755744,0.0,0.0,0.0
BATADAL,Automata,noisy,123,4,3,Success,0.6626794258373205,0.1994047619047619,0.8375,0.3221153846153846
BATADAL,LSTM,noisy,123,4,4,Success,0.9032648125755744,0.0,0.0,0.0
BATADAL,Automata,noisy,123,4,4,Success,0.3971291866028708,0.1319444444444444,0.95,0.2317073170731707
BATADAL,LSTM,noisy,123,4,5,Success,0.9032648125755744,0.0,0.0,0.0
BATADAL,Automata,noisy,123,4,5,Success,0.2870813397129186,0.1137724550898203,0.95,0.2032085561497326
BATADAL,LSTM,noisy,123,4,6,Success,0.9032648125755744,0.0,0.0,0.0
BATADAL,Automata,noisy,123,4,6,Success,0.1578947368421052,0.1020408163265306,1.0,0.1851851851851851
BATADAL,LSTM,noisy,123,5,3,Success,0.9032648125755744,0.0,0.0,0.0
BATADAL,Automata,noisy,123,5,3,Success,0.6901913875598086,0.2246153846153846,0.9125,0.3604938271604938
BATADAL,LSTM,noisy,123,5,4,Success,0.9032648125755744,0.0,0.0,0.0
BATADAL,Automata,noisy,123,5,4,Success,0.3959330143540669,0.1367521367521367,1.0,0.2406015037593984
BATADAL,LSTM,noisy,123,5,5,Success,0.9032648125755744,0.0,0.0,0.0
BATADAL,Automata,noisy,123,5,5,Success,0.1866028708133971,0.1052631578947368,1.0,0.1904761904761904
BATADAL,LSTM,noisy,123,5,6,Success,0.9032648125755744,0.0,0.0,0.0
BATADAL,Automata,noisy,123,5,6,Success,0.138755980861244,0.1,1.0,0.1818181818181818
BATADAL,LSTM,noisy,123,6,3,Success,0.9032648125755744,0.0,0.0,0.0
BATADAL,Automata,noisy,123,6,3,Success,0.4186602870813397,0.1322463768115942,0.9125,0.2310126582278481
BATADAL,LSTM,noisy,123,6,4,Success,0.9032648125755744,0.0,0.0,0.0
BATADAL,Automata,noisy,123,6,4,Success,0.1339712918660287,0.099502487562189,1.0,0.1809954751131221
BATADAL,LSTM,noisy,123,6,5,Success,0.9032648125755744,0.0,0.0,0.0
BATADAL,Automata,noisy,123,6,5,Success,0.1052631578947368,0.0966183574879227,1.0,0.1762114537444934
BATADAL,LSTM,noisy,123,6,6,Success,0.9032648125755744,0.0,0.0,0.0
BATADAL,Automata,noisy,123,6,6,Success,0.1052631578947368,0.0966183574879227,1.0,0.1762114537444934
BATADAL,LSTM,noisy,2026,3,3,Success,0.9032648125755744,0.0,0.0,0.0
BATADAL,Automata,noisy,2026,3,3,Success,0.8935406698564593,0.3333333333333333,0.1125,0.1682242990654205
BATADAL,LSTM,noisy,2026,3,4,Success,0.9032648125755744,0.0,0.0,0.0
BATADAL,Automata,noisy,2026,3,4,Success,0.7320574162679426,0.0555555555555555,0.1125,0.0743801652892562
BATADAL,LSTM,noisy,2026,3,5,Success,0.9032648125755744,0.0,0.0,0.0
BATADAL,Automata,noisy,2026,3,5,Success,0.5825358851674641,0.0809968847352024,0.325,0.1296758104738154
BATADAL,LSTM,noisy,2026,3,6,Success,0.9032648125755744,0.0,0.0,0.0
BATADAL,Automata,noisy,2026,3,6,Success,0.3289473684210526,0.1089430894308943,0.8375,0.1928057553956834
BATADAL,LSTM,noisy,2026,4,3,Success,0.9032648125755744,0.0,0.0,0.0
BATADAL,Automata,noisy,2026,4,3,Success,0.6244019138755981,0.1820652173913043,0.8375,0.2991071428571428
BATADAL,LSTM,noisy,2026,4,4,Success,0.9032648125755744,0.0,0.0,0.0
BATADAL,Automata,noisy,2026,4,4,Success,0.2990430622009569,0.1022012578616352,0.8125,0.1815642458100558
BATADAL,LSTM,noisy,2026,4,5,Success,0.9032648125755744,0.0,0.0,0.0
BATADAL,Automata,noisy,2026,4,5,Success,0.2200956937799043,0.0818713450292397,0.7,0.1465968586387434
BATADAL,LSTM,noisy,2026,4,6,Success,0.9032648125755744,0.0,0.0,0.0
BATADAL,Automata,noisy,2026,4,6,Success,0.1196172248803827,0.0980392156862745,1.0,0.1785714285714285
BATADAL,LSTM,noisy,2026,5,3,Success,0.9032648125755744,0.0,0.0,0.0
BATADAL,Automata,noisy,2026,5,3,Success,0.7380382775119617,0.2042553191489361,0.6,0.3047619047619048
BATADAL,LSTM,noisy,2026,5,4,Success,0.9032648125755744,0.0,0.0,0.0
BATADAL,Automata,noisy,2026,5,4,Success,0.485645933014354,0.1568627450980392,1.0,0.2711864406779661
BATADAL,LSTM,noisy,2026,5,5,Success,0.9032648125755744,0.0,0.0,0.0
BATADAL,Automata,noisy,2026,5,5,Success,0.1854066985645933,0.1019867549668874,0.9625,0.1844311377245509
BATADAL,LSTM,noisy,2026,5,6,Success,0.9032648125755744,0.0,0.0,0.0
BATADAL,Automata,noisy,2026,5,6,Success,0.1267942583732057,0.0987654320987654,1.0,0.1797752808988764
BATADAL,LSTM,noisy,2026,6,3,Success,0.9032648125755744,0.0,0.0,0.0
BATADAL,Automata,noisy,2026,6,3,Success,0.3684210526315789,0.1228956228956228,0.9125,0.2166172106824926
BATADAL,LSTM,noisy,2026,6,4,Success,0.9032648125755744,0.0,0.0,0.0
BATADAL,Automata,noisy,2026,6,4,Success,0.1339712918660287,0.099502487562189,1.0,0.1809954751131221
BATADAL,LSTM,noisy,2026,6,5,Success,0.9032648125755744,0.0,0.0,0.0
BATADAL,Automata,noisy,2026,6,5,Success,0.1052631578947368,0.0966183574879227,1.0,0.1762114537444934
BATADAL,LSTM,noisy,2026,6,6,Success,0.9032648125755744,0.0,0.0,0.0
BATADAL,Automata,noisy,2026,6,6,Success,0.1052631578947368,0.0966183574879227,1.0,0.1762114537444934
BATADAL,LSTM,noisy,7,3,3,Success,0.9032648125755744,0.0,0.0,0.0
BATADAL,Automata,noisy,7,3,3,Success,0.8827751196172249,0.25,0.1125,0.1551724137931034
BATADAL,LSTM,noisy,7,3,4,Success,0.9032648125755744,0.0,0.0,0.0
BATADAL,Automata,noisy,7,3,4,Success,0.742822966507177,0.0754716981132075,0.15,0.100418410041841
BATADAL,LSTM,noisy,7,3,5,Success,0.9032648125755744,0.0,0.0,0.0
BATADAL,Automata,noisy,7,3,5,Success,0.5610047846889952,0.1046831955922865,0.475,0.1715575620767494
BATADAL,LSTM,noisy,7,3,6,Success,0.9032648125755744,0.0,0.0,0.0
BATADAL,Automata,noisy,7,3,6,Success,0.3385167464114832,0.1154471544715447,0.8875,0.2043165467625899
BATADAL,LSTM,noisy,7,4,3,Success,0.9032648125755744,0.0,0.0,0.0
BATADAL,Automata,noisy,7,4,3,Success,0.7057416267942583,0.2233333333333333,0.8375,0.3526315789473684
BATADAL,LSTM,noisy,7,4,4,Success,0.9032648125755744,0.0,0.0,0.0
BATADAL,Automata,noisy,7,4,4,Success,0.3516746411483253,0.115,0.8625,0.2029411764705882
BATADAL,LSTM,noisy,7,4,5,Success,0.9032648125755744,0.0,0.0,0.0
BATADAL,Automata,noisy,7,4,5,Success,0.2631578947368421,0.1149425287356321,1.0,0.2061855670103092
BATADAL,LSTM,noisy,7,4,6,Success,0.9032648125755744,0.0,0.0,0.0
BATADAL,Automata,noisy,7,4,6,Success,0.1339712918660287,0.099502487562189,1.0,0.1809954751131221
BATADAL,LSTM,noisy,7,5,3,Success,0.9032648125755744,0.0,0.0,0.0
BATADAL,Automata,noisy,7,5,3,Success,0.7260765550239234,0.247457627118644,0.9125,0.3893333333333333
BATADAL,LSTM,noisy,7,5,4,Success,0.9032648125755744,0.0,0.0,0.0
BATADAL,Automata,noisy,7,5,4,Success,0.4078947368421052,0.1391304347826087,1.0,0.2442748091603053
BATADAL,LSTM,noisy,7,5,5,Success,0.9032648125755744,0.0,0.0,0.0
BATADAL,Automata,noisy,7,5,5,Success,0.1255980861244019,0.0956521739130434,0.9625,0.1740112994350282
BATADAL,LSTM,noisy,7,5,6,Success,0.9032648125755744,0.0,0.0,0.0
BATADAL,Automata,noisy,7,5,6,Success,0.1327751196172248,0.0993788819875776,1.0,0.1807909604519774
BATADAL,LSTM,noisy,7,6,3,Success,0.9032648125755744,0.0,0.0,0.0
BATADAL,Automata,noisy,7,6,3,Success,0.3038277511961722,0.1126543209876543,0.9125,0.2005494505494505
BATADAL,LSTM,noisy,7,6,4,Success,0.9032648125755744,0.0,0.0,0.0
BATADAL,Automata,noisy,7,6,4,Success,0.1267942583732057,0.0987654320987654,1.0,0.1797752808988764
BATADAL,LSTM,noisy,7,6,5,Success,0.9032648125755744,0.0,0.0,0.0
BATADAL,Automata,noisy,7,6,5,Success,0.1052631578947368,0.0966183574879227,1.0,0.1762114537444934
BATADAL,LSTM,noisy,7,6,6,Success,0.9032648125755744,0.0,0.0,0.0
BATADAL,Automata,noisy,7,6,6,Success,0.1052631578947368,0.0966183574879227,1.0,0.1762114537444934
BATADAL,LSTM,noisy,999,3,3,Success,0.9032648125755744,0.0,0.0,0.0
BATADAL,Automata,noisy,999,3,3,Success,0.8827751196172249,0.25,0.1125,0.1551724137931034
BATADAL,LSTM,noisy,999,3,4,Success,0.9032648125755744,0.0,0.0,0.0
BATADAL,Automata,noisy,999,3,4,Success,0.75,0.0784313725490196,0.15,0.1030042918454935
BATADAL,LSTM,noisy,999,3,5,Success,0.9032648125755744,0.0,0.0,0.0
BATADAL,Automata,noisy,999,3,5,Success,0.5466507177033493,0.0881542699724518,0.4,0.1444695259593679
BATADAL,LSTM,noisy,999,3,6,Success,0.9032648125755744,0.0,0.0,0.0
BATADAL,Automata,noisy,999,3,6,Success,0.3576555023923445,0.12106135986733,0.9125,0.2137628111273792
BATADAL,LSTM,noisy,999,4,3,Success,0.9032648125755744,0.0,0.0,0.0
BATADAL,Automata,noisy,999,4,3,Success,0.6435406698564593,0.1903409090909091,0.8375,0.3101851851851852
BATADAL,LSTM,noisy,999,4,4,Success,0.9032648125755744,0.0,0.0,0.0
BATADAL,Automata,noisy,999,4,4,Success,0.3133971291866029,0.0711805555555555,0.5125,0.125
BATADAL,LSTM,noisy,999,4,5,Success,0.9032648125755744,0.0,0.0,0.0
BATADAL,Automata,noisy,999,4,5,Success,0.2535885167464115,0.1091954022988505,0.95,0.1958762886597938
BATADAL,LSTM,noisy,999,4,6,Success,0.9032648125755744,0.0,0.0,0.0
BATADAL,Automata,noisy,999,4,6,Success,0.1483253588516746,0.101010101010101,1.0,0.1834862385321101
BATADAL,LSTM,noisy,999,5,3,Success,0.9032648125755744,0.0,0.0,0.0
BATADAL,Automata,noisy,999,5,3,Success,0.7739234449760766,0.2862745098039215,0.9125,0.435820895522388
BATADAL,LSTM,noisy,999,5,4,Success,0.9032648125755744,0.0,0.0,0.0
BATADAL,Automata,noisy,999,5,4,Success,0.4377990430622009,0.1454545454545454,1.0,0.2539682539682539
BATADAL,LSTM,noisy,999,5,5,Success,0.9032648125755744,0.0,0.0,0.0
BATADAL,Automata,noisy,999,5,5,Success,0.1614832535885167,0.0993548387096774,0.9625,0.1801169590643274
BATADAL,LSTM,noisy,999,5,6,Success,0.9032648125755744,0.0,0.0,0.0
BATADAL,Automata,noisy,999,5,6,Success,0.1208133971291866,0.0981595092024539,1.0,0.1787709497206704
BATADAL,LSTM,noisy,999,6,3,Success,0.9032648125755744,0.0,0.0,0.0
BATADAL,Automata,noisy,999,6,3,Success,0.3971291866028708,0.1280701754385965,0.9125,0.2246153846153846
BATADAL,LSTM,noisy,999,6,4,Success,0.9032648125755744,0.0,0.0,0.0
BATADAL,Automata,noisy,999,6,4,Success,0.1531100478468899,0.0943152454780361,0.9125,0.1709601873536299
BATADAL,LSTM,noisy,999,6,5,Success,0.9032648125755744,0.0,0.0,0.0
BATADAL,Automata,noisy,999,6,5,Success,0.1052631578947368,0.0966183574879227,1.0,0.1762114537444934
BATADAL,LSTM,noisy,999,6,6,Success,0.9032648125755744,0.0,0.0,0.0
BATADAL,Automata,noisy,999,6,6,Success,0.0980861244019138,0.0900243309002433,0.925,0.164079822616408
BATADAL,LSTM,unseen,42,3,3,Success,0.9032648125755744,0.0,0.0,0.0
BATADAL,Automata,unseen,42,3,3,Success,0.9043062200956936,0.5,0.1125,0.1836734693877551
BATADAL,LSTM,unseen,42,3,4,Success,0.9032648125755744,0.0,0.0,0.0
BATADAL,Automata,unseen,42,3,4,Success,0.7787081339712919,0.073170731707317,0.1125,0.0886699507389162
BATADAL,LSTM,unseen,42,3,5,Success,0.9032648125755744,0.0,0.0,0.0
BATADAL,Automata,unseen,42,3,5,Success,0.5610047846889952,0.0911680911680911,0.4,0.148491879350348
BATADAL,LSTM,unseen,42,3,6,Success,0.9032648125755744,0.0,0.0,0.0
BATADAL,Automata,unseen,42,3,6,Success,0.3433014354066985,0.1111111111111111,0.8375,0.1961932650073206
BATADAL,LSTM,unseen,42,4,3,Success,0.9032648125755744,0.0,0.0,0.0
BATADAL,Automata,unseen,42,4,3,Success,0.6626794258373205,0.1994047619047619,0.8375,0.3221153846153846
BATADAL,LSTM,unseen,42,4,4,Success,0.9032648125755744,0.0,0.0,0.0
BATADAL,Automata,unseen,42,4,4,Success,0.3086124401913875,0.0983870967741935,0.7625,0.1742857142857143
BATADAL,LSTM,unseen,42,4,5,Success,0.9032648125755744,0.0,0.0,0.0
BATADAL,Automata,unseen,42,4,5,Success,0.2535885167464115,0.1136363636363636,1.0,0.2040816326530612
BATADAL,LSTM,unseen,42,4,6,Success,0.9032648125755744,0.0,0.0,0.0
BATADAL,Automata,unseen,42,4,6,Success,0.124401913875598,0.0985221674876847,1.0,0.179372197309417
BATADAL,LSTM,unseen,42,5,3,Success,0.9032648125755744,0.0,0.0,0.0
BATADAL,Automata,unseen,42,5,3,Success,0.7320574162679426,0.2517241379310345,0.9125,0.3945945945945946
BATADAL,LSTM,unseen,42,5,4,Success,0.9032648125755744,0.0,0.0,0.0
BATADAL,Automata,unseen,42,5,4,Success,0.4258373205741627,0.1428571428571428,1.0,0.25
BATADAL,LSTM,unseen,42,5,5,Success,0.9032648125755744,0.0,0.0,0.0
BATADAL,Automata,unseen,42,5,5,Success,0.1555023923444976,0.0987179487179487,0.9625,0.1790697674418604
BATADAL,LSTM,unseen,42,5,6,Success,0.9032648125755744,0.0,0.0,0.0
BATADAL,Automata,unseen,42,5,6,Success,0.1148325358851674,0.0975609756097561,1.0,0.1777777777777777
BATADAL,LSTM,unseen,42,6,3,Success,0.9032648125755744,0.0,0.0,0.0
BATADAL,Automata,unseen,42,6,3,Success,0.3684210526315789,0.1228956228956228,0.9125,0.2166172106824926
BATADAL,LSTM,unseen,42,6,4,Success,0.9032648125755744,0.0,0.0,0.0
BATADAL,Automata,unseen,42,6,4,Success,0.1267942583732057,0.0987654320987654,1.0,0.1797752808988764
BATADAL,LSTM,unseen,42,6,5,Success,0.9032648125755744,0.0,0.0,0.0
BATADAL,Automata,unseen,42,6,5,Success,0.1196172248803827,0.0980392156862745,1.0,0.1785714285714285
BATADAL,LSTM,unseen,42,6,6,Success,0.9032648125755744,0.0,0.0,0.0
BATADAL,Automata,unseen,42,6,6,Success,0.1052631578947368,0.0966183574879227,1.0,0.1762114537444934
BATADAL,LSTM,unseen,123,3,3,Success,0.9032648125755744,0.0,0.0,0.0
BATADAL,Automata,unseen,123,3,3,Success,0.9043062200956936,0.5,0.1125,0.1836734693877551
BATADAL,LSTM,unseen,123,3,4,Success,0.9032648125755744,0.0,0.0,0.0
BATADAL,Automata,unseen,123,3,4,Success,0.7787081339712919,0.073170731707317,0.1125,0.0886699507389162
BATADAL,LSTM,unseen,123,3,5,Success,0.9032648125755744,0.0,0.0,0.0
BATADAL,Automata,unseen,123,3,5,Success,0.5610047846889952,0.0911680911680911,0.4,0.148491879350348
BATADAL,LSTM,unseen,123,3,6,Success,0.9032648125755744,0.0,0.0,0.0
BATADAL,Automata,unseen,123,3,6,Success,0.3433014354066985,0.1111111111111111,0.8375,0.1961932650073206
BATADAL,LSTM,unseen,123,4,3,Success,0.9032648125755744,0.0,0.0,0.0
BATADAL,Automata,unseen,123,4,3,Success,0.6626794258373205,0.1994047619047619,0.8375,0.3221153846153846
BATADAL,LSTM,unseen,123,4,4,Success,0.9032648125755744,0.0,0.0,0.0
BATADAL,Automata,unseen,123,4,4,Success,0.3086124401913875,0.0983870967741935,0.7625,0.1742857142857143
BATADAL,LSTM,unseen,123,4,5,Success,0.9032648125755744,0.0,0.0,0.0
BATADAL,Automata,unseen,123,4,5,Success,0.2535885167464115,0.1136363636363636,1.0,0.2040816326530612
BATADAL,LSTM,unseen,123,4,6,Success,0.9032648125755744,0.0,0.0,0.0
BATADAL,Automata,unseen,123,4,6,Success,0.124401913875598,0.0985221674876847,1.0,0.179372197309417
BATADAL,LSTM,unseen,123,5,3,Success,0.9032648125755744,0.0,0.0,0.0
BATADAL,Automata,unseen,123,5,3,Success,0.7320574162679426,0.2517241379310345,0.9125,0.3945945945945946
BATADAL,LSTM,unseen,123,5,4,Success,0.9032648125755744,0.0,0.0,0.0
BATADAL,Automata,unseen,123,5,4,Success,0.4258373205741627,0.1428571428571428,1.0,0.25
BATADAL,LSTM,unseen,123,5,5,Success,0.9032648125755744,0.0,0.0,0.0
BATADAL,Automata,unseen,123,5,5,Success,0.1555023923444976,0.0987179487179487,0.9625,0.1790697674418604
BATADAL,LSTM,unseen,123,5,6,Success,0.9032648125755744,0.0,0.0,0.0
BATADAL,Automata,unseen,123,5,6,Success,0.1148325358851674,0.0975609756097561,1.0,0.1777777777777777
BATADAL,LSTM,unseen,123,6,3,Success,0.9032648125755744,0.0,0.0,0.0
BATADAL,Automata,unseen,123,6,3,Success,0.3684210526315789,0.1228956228956228,0.9125,0.2166172106824926
BATADAL,LSTM,unseen,123,6,4,Success,0.9032648125755744,0.0,0.0,0.0
BATADAL,Automata,unseen,123,6,4,Success,0.1267942583732057,0.0987654320987654,1.0,0.1797752808988764
BATADAL,LSTM,unseen,123,6,5,Success,0.9032648125755744,0.0,0.0,0.0
BATADAL,Automata,unseen,123,6,5,Success,0.1196172248803827,0.0980392156862745,1.0,0.1785714285714285
BATADAL,LSTM,unseen,123,6,6,Success,0.9032648125755744,0.0,0.0,0.0
BATADAL,Automata,unseen,123,6,6,Success,0.1052631578947368,0.0966183574879227,1.0,0.1762114537444934
BATADAL,LSTM,unseen,2026,3,3,Success,0.9032648125755744,0.0,0.0,0.0
BATADAL,Automata,unseen,2026,3,3,Success,0.9043062200956936,0.5,0.1125,0.1836734693877551
BATADAL,LSTM,unseen,2026,3,4,Success,0.9032648125755744,0.0,0.0,0.0
BATADAL,Automata,unseen,2026,3,4,Success,0.7787081339712919,0.073170731707317,0.1125,0.0886699507389162
BATADAL,LSTM,unseen,2026,3,5,Success,0.9032648125755744,0.0,0.0,0.0
BATADAL,Automata,unseen,2026,3,5,Success,0.5610047846889952,0.0911680911680911,0.4,0.148491879350348
BATADAL,LSTM,unseen,2026,3,6,Success,0.9032648125755744,0.0,0.0,0.0
BATADAL,Automata,unseen,2026,3,6,Success,0.3433014354066985,0.1111111111111111,0.8375,0.1961932650073206
BATADAL,LSTM,unseen,2026,4,3,Success,0.9032648125755744,0.0,0.0,0.0
BATADAL,Automata,unseen,2026,4,3,Success,0.6626794258373205,0.1994047619047619,0.8375,0.3221153846153846
BATADAL,LSTM,unseen,2026,4,4,Success,0.9032648125755744,0.0,0.0,0.0
BATADAL,Automata,unseen,2026,4,4,Success,0.3086124401913875,0.0983870967741935,0.7625,0.1742857142857143
BATADAL,LSTM,unseen,2026,4,5,Success,0.9032648125755744,0.0,0.0,0.0
BATADAL,Automata,unseen,2026,4,5,Success,0.2535885167464115,0.1136363636363636,1.0,0.2040816326530612
BATADAL,LSTM,unseen,2026,4,6,Success,0.9032648125755744,0.0,0.0,0.0
BATADAL,Automata,unseen,2026,4,6,Success,0.124401913875598,0.0985221674876847,1.0,0.179372197309417
BATADAL,LSTM,unseen,2026,5,3,Success,0.9032648125755744,0.0,0.0,0.0
BATADAL,Automata,unseen,2026,5,3,Success,0.7320574162679426,0.2517241379310345,0.9125,0.3945945945945946
BATADAL,LSTM,unseen,2026,5,4,Success,0.9032648125755744,0.0,0.0,0.0
BATADAL,Automata,unseen,2026,5,4,Success,0.4258373205741627,0.1428571428571428,1.0,0.25
BATADAL,LSTM,unseen,2026,5,5,Success,0.9032648125755744,0.0,0.0,0.0
BATADAL,Automata,unseen,2026,5,5,Success,0.1555023923444976,0.0987179487179487,0.9625,0.1790697674418604
BATADAL,LSTM,unseen,2026,5,6,Success,0.9032648125755744,0.0,0.0,0.0
BATADAL,Automata,unseen,2026,5,6,Success,0.1148325358851674,0.0975609756097561,1.0,0.1777777777777777
BATADAL,LSTM,unseen,2026,6,3,Success,0.9032648125755744,0.0,0.0,0.0
BATADAL,Automata,unseen,2026,6,3,Success,0.3684210526315789,0.1228956228956228,0.9125,0.2166172106824926
BATADAL,LSTM,unseen,2026,6,4,Success,0.9032648125755744,0.0,0.0,0.0
BATADAL,Automata,unseen,2026,6,4,Success,0.1267942583732057,0.0987654320987654,1.0,0.1797752808988764
BATADAL,LSTM,unseen,2026,6,5,Success,0.9032648125755744,0.0,0.0,0.0
BATADAL,Automata,unseen,2026,6,5,Success,0.1196172248803827,0.0980392156862745,1.0,0.1785714285714285
BATADAL,LSTM,unseen,2026,6,6,Success,0.9032648125755744,0.0,0.0,0.0
BATADAL,Automata,unseen,2026,6,6,Success,0.1052631578947368,0.0966183574879227,1.0,0.1762114537444934
BATADAL,LSTM,unseen,7,3,3,Success,0.9032648125755744,0.0,0.0,0.0
BATADAL,Automata,unseen,7,3,3,Success,0.9043062200956936,0.5,0.1125,0.1836734693877551
BATADAL,LSTM,unseen,7,3,4,Success,0.9032648125755744,0.0,0.0,0.0
BATADAL,Automata,unseen,7,3,4,Success,0.7787081339712919,0.073170731707317,0.1125,0.0886699507389162
BATADAL,LSTM,unseen,7,3,5,Success,0.9032648125755744,0.0,0.0,0.0
BATADAL,Automata,unseen,7,3,5,Success,0.5610047846889952,0.0911680911680911,0.4,0.148491879350348
BATADAL,LSTM,unseen,7,3,6,Success,0.9032648125755744,0.0,0.0,0.0
BATADAL,Automata,unseen,7,3,6,Success,0.3433014354066985,0.1111111111111111,0.8375,0.1961932650073206
BATADAL,LSTM,unseen,7,4,3,Success,0.9032648125755744,0.0,0.0,0.0
BATADAL,Automata,unseen,7,4,3,Success,0.6626794258373205,0.1994047619047619,0.8375,0.3221153846153846
BATADAL,LSTM,unseen,7,4,4,Success,0.9032648125755744,0.0,0.0,0.0
BATADAL,Automata,unseen,7,4,4,Success,0.3086124401913875,0.0983870967741935,0.7625,0.1742857142857143
BATADAL,LSTM,unseen,7,4,5,Success,0.9032648125755744,0.0,0.0,0.0
BATADAL,Automata,unseen,7,4,5,Success,0.2535885167464115,0.1136363636363636,1.0,0.2040816326530612
BATADAL,LSTM,unseen,7,4,6,Success,0.9032648125755744,0.0,0.0,0.0
BATADAL,Automata,unseen,7,4,6,Success,0.124401913875598,0.0985221674876847,1.0,0.179372197309417
BATADAL,LSTM,unseen,7,5,3,Success,0.9032648125755744,0.0,0.0,0.0
BATADAL,Automata,unseen,7,5,3,Success,0.7320574162679426,0.2517241379310345,0.9125,0.3945945945945946
BATADAL,LSTM,unseen,7,5,4,Success,0.9032648125755744,0.0,0.0,0.0
BATADAL,Automata,unseen,7,5,4,Success,0.4258373205741627,0.1428571428571428,1.0,0.25
BATADAL,LSTM,unseen,7,5,5,Success,0.9032648125755744,0.0,0.0,0.0
BATADAL,Automata,unseen,7,5,5,Success,0.1555023923444976,0.0987179487179487,0.9625,0.1790697674418604
BATADAL,LSTM,unseen,7,5,6,Success,0.9032648125755744,0.0,0.0,0.0
BATADAL,Automata,unseen,7,5,6,Success,0.1148325358851674,0.0975609756097561,1.0,0.1777777777777777
BATADAL,LSTM,unseen,7,6,3,Success,0.9032648125755744,0.0,0.0,0.0
BATADAL,Automata,unseen,7,6,3,Success,0.3684210526315789,0.1228956228956228,0.9125,0.2166172106824926
BATADAL,LSTM,unseen,7,6,4,Success,0.9032648125755744,0.0,0.0,0.0
BATADAL,Automata,unseen,7,6,4,Success,0.1267942583732057,0.0987654320987654,1.0,0.1797752808988764
BATADAL,LSTM,unseen,7,6,5,Success,0.9032648125755744,0.0,0.0,0.0
BATADAL,Automata,unseen,7,6,5,Success,0.1196172248803827,0.0980392156862745,1.0,0.1785714285714285
BATADAL,LSTM,unseen,7,6,6,Success,0.9032648125755744,0.0,0.0,0.0
BATADAL,Automata,unseen,7,6,6,Success,0.1052631578947368,0.0966183574879227,1.0,0.1762114537444934
BATADAL,LSTM,unseen,999,3,3,Success,0.9032648125755744,0.0,0.0,0.0
BATADAL,Automata,unseen,999,3,3,Success,0.9043062200956936,0.5,0.1125,0.1836734693877551
BATADAL,LSTM,unseen,999,3,4,Success,0.9032648125755744,0.0,0.0,0.0
BATADAL,Automata,unseen,999,3,4,Success,0.7787081339712919,0.073170731707317,0.1125,0.0886699507389162
BATADAL,LSTM,unseen,999,3,5,Success,0.9032648125755744,0.0,0.0,0.0
BATADAL,Automata,unseen,999,3,5,Success,0.5610047846889952,0.0911680911680911,0.4,0.148491879350348
BATADAL,LSTM,unseen,999,3,6,Success,0.9032648125755744,0.0,0.0,0.0
BATADAL,Automata,unseen,999,3,6,Success,0.3433014354066985,0.1111111111111111,0.8375,0.1961932650073206
BATADAL,LSTM,unseen,999,4,3,Success,0.9032648125755744,0.0,0.0,0.0
BATADAL,Automata,unseen,999,4,3,Success,0.6626794258373205,0.1994047619047619,0.8375,0.3221153846153846
BATADAL,LSTM,unseen,999,4,4,Success,0.9032648125755744,0.0,0.0,0.0
BATADAL,Automata,unseen,999,4,4,Success,0.3086124401913875,0.0983870967741935,0.7625,0.1742857142857143
BATADAL,LSTM,unseen,999,4,5,Success,0.9032648125755744,0.0,0.0,0.0
BATADAL,Automata,unseen,999,4,5,Success,0.2535885167464115,0.1136363636363636,1.0,0.2040816326530612
BATADAL,LSTM,unseen,999,4,6,Success,0.9032648125755744,0.0,0.0,0.0
BATADAL,Automata,unseen,999,4,6,Success,0.124401913875598,0.0985221674876847,1.0,0.179372197309417
BATADAL,LSTM,unseen,999,5,3,Success,0.9032648125755744,0.0,0.0,0.0
BATADAL,Automata,unseen,999,5,3,Success,0.7320574162679426,0.2517241379310345,0.9125,0.3945945945945946
BATADAL,LSTM,unseen,999,5,4,Success,0.9032648125755744,0.0,0.0,0.0
BATADAL,Automata,unseen,999,5,4,Success,0.4258373205741627,0.1428571428571428,1.0,0.25
BATADAL,LSTM,unseen,999,5,5,Success,0.9032648125755744,0.0,0.0,0.0
BATADAL,Automata,unseen,999,5,5,Success,0.1555023923444976,0.0987179487179487,0.9625,0.1790697674418604
BATADAL,LSTM,unseen,999,5,6,Success,0.9032648125755744,0.0,0.0,0.0
BATADAL,Automata,unseen,999,5,6,Success,0.1148325358851674,0.0975609756097561,1.0,0.1777777777777777
BATADAL,LSTM,unseen,999,6,3,Success,0.9032648125755744,0.0,0.0,0.0
BATADAL,Automata,unseen,999,6,3,Success,0.3684210526315789,0.1228956228956228,0.9125,0.2166172106824926
BATADAL,LSTM,unseen,999,6,4,Success,0.9032648125755744,0.0,0.0,0.0
BATADAL,Automata,unseen,999,6,4,Success,0.1267942583732057,0.0987654320987654,1.0,0.1797752808988764
BATADAL,LSTM,unseen,999,6,5,Success,0.9032648125755744,0.0,0.0,0.0
BATADAL,Automata,unseen,999,6,5,Success,0.1196172248803827,0.0980392156862745,1.0,0.1785714285714285
BATADAL,LSTM,unseen,999,6,6,Success,0.9032648125755744,0.0,0.0,0.0
BATADAL,Automata,unseen,999,6,6,Success,0.1052631578947368,0.0966183574879227,1.0,0.1762114537444934
SKAB,LSTM,normal,42,3,3,Success,0.657041314971124,0.0,0.0,0.0
SKAB,Automata,normal,42,3,3,Success,0.6577255597428509,0.5,0.0058290155440414,0.0115236875800256
SKAB,LSTM,normal,42,3,4,Success,0.657041314971124,0.0,0.0,0.0
SKAB,Automata,normal,42,3,4,Success,0.6537353136776768,0.0,0.0,0.0
SKAB,LSTM,normal,42,3,5,Success,0.657041314971124,0.0,0.0,0.0
SKAB,Automata,normal,42,3,5,Success,0.6051873198847262,0.4014962593516209,0.3128238341968912,0.3516563523844194
SKAB,LSTM,normal,42,3,6,Success,0.657041314971124,0.0,0.0,0.0
SKAB,Automata,normal,42,3,6,Success,0.5406783418310795,0.1071428571428571,0.0466321243523316,0.0649819494584837
SKAB,LSTM,normal,42,4,3,Success,0.657041314971124,0.0,0.0,0.0
SKAB,Automata,normal,42,4,3,Success,0.6648193305253824,1.0,0.0207253886010362,0.0406091370558375
SKAB,LSTM,normal,42,4,4,Success,0.657041314971124,0.0,0.0,0.0
SKAB,Automata,normal,42,4,4,Success,0.654178674351585,0.0,0.0,0.0
SKAB,LSTM,normal,42,4,5,Success,0.657041314971124,0.0,0.0,0.0
SKAB,Automata,normal,42,4,5,Success,0.6116160496563955,0.4259259259259259,0.3873056994818653,0.4056987788331072
SKAB,LSTM,normal,42,4,6,Success,0.657041314971124,0.0,0.0,0.0
SKAB,Automata,normal,42,4,6,Success,0.5491021946353358,0.1438953488372093,0.0641191709844559,0.0887096774193548
SKAB,LSTM,normal,42,5,3,Success,0.657041314971124,0.0,0.0,0.0
SKAB,Automata,normal,42,5,3,Success,0.6632675681667036,1.0,0.0161917098445595,0.0318674314850223
SKAB,LSTM,normal,42,5,4,Success,0.657041314971124,0.0,0.0,0.0
SKAB,Automata,normal,42,5,4,Success,0.652183551318998,0.0,0.0,0.0
SKAB,LSTM,normal,42,5,5,Success,0.657041314971124,0.0,0.0,0.0
SKAB,Automata,normal,42,5,5,Success,0.6156062957215696,0.4375,0.4306994818652849,0.4340731070496083
SKAB,LSTM,normal,42,5,6,Success,0.657041314971124,0.0,0.0,0.0
SKAB,Automata,normal,42,5,6,Success,0.5477721126136111,0.1457142857142857,0.0660621761658031,0.0909090909090909
SKAB,LSTM,normal,42,6,3,Success,0.657041314971124,0.0,0.0,0.0
SKAB,Automata,normal,42,6,3,Success,0.6657060518731989,1.0,0.0233160621761658,0.0455696202531645
SKAB,LSTM,normal,42,6,4,Success,0.657041314971124,0.0,0.0,0.0
SKAB,Automata,normal,42,6,4,Success,0.6417645754821547,0.0,0.0,0.0
SKAB,LSTM,normal,42,6,5,Success,0.657041314971124,0.0,0.0,0.0
SKAB,Automata,normal,42,6,5,Success,0.5938816227000665,0.4117647058823529,0.4352331606217616,0.4231738035264483
SKAB,LSTM,normal,42,6,6,Success,0.657041314971124,0.0,0.0,0.0
SKAB,Automata,normal,42,6,6,Success,0.5420084238528042,0.16015625,0.0796632124352331,0.1064013840830449
SKAB,LSTM,normal,123,3,3,Success,0.733229675699689,0.977715877437326,0.2273316062176165,0.3688912243825538
SKAB,Automata,normal,123,3,3,Success,0.6577255597428509,0.5,0.0058290155440414,0.0115236875800256
SKAB,LSTM,normal,123,3,4,Success,0.733229675699689,0.977715877437326,0.2273316062176165,0.3688912243825538
SKAB,Automata,normal,123,3,4,Success,0.6537353136776768,0.0,0.0,0.0
SKAB,LSTM,normal,123,3,5,Success,0.733229675699689,0.977715877437326,0.2273316062176165,0.3688912243825538
SKAB,Automata,normal,123,3,5,Success,0.6051873198847262,0.4014962593516209,0.3128238341968912,0.3516563523844194
SKAB,LSTM,normal,123,3,6,Success,0.733229675699689,0.977715877437326,0.2273316062176165,0.3688912243825538
SKAB,Automata,normal,123,3,6,Success,0.5406783418310795,0.1071428571428571,0.0466321243523316,0.0649819494584837
SKAB,LSTM,normal,123,4,3,Success,0.733229675699689,0.977715877437326,0.2273316062176165,0.3688912243825538
SKAB,Automata,normal,123,4,3,Success,0.6648193305253824,1.0,0.0207253886010362,0.0406091370558375
SKAB,LSTM,normal,123,4,4,Success,0.733229675699689,0.977715877437326,0.2273316062176165,0.3688912243825538
SKAB,Automata,normal,123,4,4,Success,0.654178674351585,0.0,0.0,0.0
SKAB,LSTM,normal,123,4,5,Success,0.733229675699689,0.977715877437326,0.2273316062176165,0.3688912243825538
SKAB,Automata,normal,123,4,5,Success,0.6116160496563955,0.4259259259259259,0.3873056994818653,0.4056987788331072
SKAB,LSTM,normal,123,4,6,Success,0.733229675699689,0.977715877437326,0.2273316062176165,0.3688912243825538
SKAB,Automata,normal,123,4,6,Success,0.5491021946353358,0.1438953488372093,0.0641191709844559,0.0887096774193548
SKAB,LSTM,normal,123,5,3,Success,0.733229675699689,0.977715877437326,0.2273316062176165,0.3688912243825538
SKAB,Automata,normal,123,5,3,Success,0.6632675681667036,1.0,0.0161917098445595,0.0318674314850223
SKAB,LSTM,normal,123,5,4,Success,0.733229675699689,0.977715877437326,0.2273316062176165,0.3688912243825538
SKAB,Automata,normal,123,5,4,Success,0.652183551318998,0.0,0.0,0.0
SKAB,LSTM,normal,123,5,5,Success,0.733229675699689,0.977715877437326,0.2273316062176165,0.3688912243825538
SKAB,Automata,normal,123,5,5,Success,0.6156062957215696,0.4375,0.4306994818652849,0.4340731070496083
SKAB,LSTM,normal,123,5,6,Success,0.733229675699689,0.977715877437326,0.2273316062176165,0.3688912243825538
SKAB,Automata,normal,123,5,6,Success,0.5477721126136111,0.1457142857142857,0.0660621761658031,0.0909090909090909
SKAB,LSTM,normal,123,6,3,Success,0.733229675699689,0.977715877437326,0.2273316062176165,0.3688912243825538
SKAB,Automata,normal,123,6,3,Success,0.6657060518731989,1.0,0.0233160621761658,0.0455696202531645
SKAB,LSTM,normal,123,6,4,Success,0.733229675699689,0.977715877437326,0.2273316062176165,0.3688912243825538
SKAB,Automata,normal,123,6,4,Success,0.6417645754821547,0.0,0.0,0.0
SKAB,LSTM,normal,123,6,5,Success,0.733229675699689,0.977715877437326,0.2273316062176165,0.3688912243825538
SKAB,Automata,normal,123,6,5,Success,0.5938816227000665,0.4117647058823529,0.4352331606217616,0.4231738035264483
SKAB,LSTM,normal,123,6,6,Success,0.733229675699689,0.977715877437326,0.2273316062176165,0.3688912243825538
SKAB,Automata,normal,123,6,6,Success,0.5420084238528042,0.16015625,0.0796632124352331,0.1064013840830449
SKAB,LSTM,normal,2026,3,3,Success,0.7363394047090183,0.9785522788203752,0.2363989637305699,0.3808033385498174
SKAB,Automata,normal,2026,3,3,Success,0.6577255597428509,0.5,0.0058290155440414,0.0115236875800256
SKAB,LSTM,normal,2026,3,4,Success,0.7363394047090183,0.9785522788203752,0.2363989637305699,0.3808033385498174
SKAB,Automata,normal,2026,3,4,Success,0.6537353136776768,0.0,0.0,0.0
SKAB,LSTM,normal,2026,3,5,Success,0.7363394047090183,0.9785522788203752,0.2363989637305699,0.3808033385498174
SKAB,Automata,normal,2026,3,5,Success,0.6051873198847262,0.4014962593516209,0.3128238341968912,0.3516563523844194
SKAB,LSTM,normal,2026,3,6,Success,0.7363394047090183,0.9785522788203752,0.2363989637305699,0.3808033385498174
SKAB,Automata,normal,2026,3,6,Success,0.5406783418310795,0.1071428571428571,0.0466321243523316,0.0649819494584837
SKAB,LSTM,normal,2026,4,3,Success,0.7363394047090183,0.9785522788203752,0.2363989637305699,0.3808033385498174
SKAB,Automata,normal,2026,4,3,Success,0.6648193305253824,1.0,0.0207253886010362,0.0406091370558375
SKAB,LSTM,normal,2026,4,4,Success,0.7363394047090183,0.9785522788203752,0.2363989637305699,0.3808033385498174
SKAB,Automata,normal,2026,4,4,Success,0.654178674351585,0.0,0.0,0.0
SKAB,LSTM,normal,2026,4,5,Success,0.7363394047090183,0.9785522788203752,0.2363989637305699,0.3808033385498174
SKAB,Automata,normal,2026,4,5,Success,0.6116160496563955,0.4259259259259259,0.3873056994818653,0.4056987788331072
SKAB,LSTM,normal,2026,4,6,Success,0.7363394047090183,0.9785522788203752,0.2363989637305699,0.3808033385498174
SKAB,Automata,normal,2026,4,6,Success,0.5491021946353358,0.1438953488372093,0.0641191709844559,0.0887096774193548
SKAB,LSTM,normal,2026,5,3,Success,0.7363394047090183,0.9785522788203752,0.2363989637305699,0.3808033385498174
SKAB,Automata,normal,2026,5,3,Success,0.6632675681667036,1.0,0.0161917098445595,0.0318674314850223
SKAB,LSTM,normal,2026,5,4,Success,0.7363394047090183,0.9785522788203752,0.2363989637305699,0.3808033385498174
SKAB,Automata,normal,2026,5,4,Success,0.652183551318998,0.0,0.0,0.0
SKAB,LSTM,normal,2026,5,5,Success,0.7363394047090183,0.9785522788203752,0.2363989637305699,0.3808033385498174
SKAB,Automata,normal,2026,5,5,Success,0.6156062957215696,0.4375,0.4306994818652849,0.4340731070496083
SKAB,LSTM,normal,2026,5,6,Success,0.7363394047090183,0.9785522788203752,0.2363989637305699,0.3808033385498174
SKAB,Automata,normal,2026,5,6,Success,0.5477721126136111,0.1457142857142857,0.0660621761658031,0.0909090909090909
SKAB,LSTM,normal,2026,6,3,Success,0.7363394047090183,0.9785522788203752,0.2363989637305699,0.3808033385498174
SKAB,Automata,normal,2026,6,3,Success,0.6657060518731989,1.0,0.0233160621761658,0.0455696202531645
SKAB,LSTM,normal,2026,6,4,Success,0.7363394047090183,0.9785522788203752,0.2363989637305699,0.3808033385498174
SKAB,Automata,normal,2026,6,4,Success,0.6417645754821547,0.0,0.0,0.0
SKAB,LSTM,normal,2026,6,5,Success,0.7363394047090183,0.9785522788203752,0.2363989637305699,0.3808033385498174
SKAB,Automata,normal,2026,6,5,Success,0.5938816227000665,0.4117647058823529,0.4352331606217616,0.4231738035264483
SKAB,LSTM,normal,2026,6,6,Success,0.7363394047090183,0.9785522788203752,0.2363989637305699,0.3808033385498174
SKAB,Automata,normal,2026,6,6,Success,0.5420084238528042,0.16015625,0.0796632124352331,0.1064013840830449
SKAB,LSTM,normal,7,3,3,Success,0.7352287872056864,0.9782608695652174,0.233160621761658,0.3765690376569037
SKAB,Automata,normal,7,3,3,Success,0.6577255597428509,0.5,0.0058290155440414,0.0115236875800256
SKAB,LSTM,normal,7,3,4,Success,0.7352287872056864,0.9782608695652174,0.233160621761658,0.3765690376569037
SKAB,Automata,normal,7,3,4,Success,0.6537353136776768,0.0,0.0,0.0
SKAB,LSTM,normal,7,3,5,Success,0.7352287872056864,0.9782608695652174,0.233160621761658,0.3765690376569037
SKAB,Automata,normal,7,3,5,Success,0.6051873198847262,0.4014962593516209,0.3128238341968912,0.3516563523844194
SKAB,LSTM,normal,7,3,6,Success,0.7352287872056864,0.9782608695652174,0.233160621761658,0.3765690376569037
SKAB,Automata,normal,7,3,6,Success,0.5406783418310795,0.1071428571428571,0.0466321243523316,0.0649819494584837
SKAB,LSTM,normal,7,4,3,Success,0.7352287872056864,0.9782608695652174,0.233160621761658,0.3765690376569037
SKAB,Automata,normal,7,4,3,Success,0.6648193305253824,1.0,0.0207253886010362,0.0406091370558375
SKAB,LSTM,normal,7,4,4,Success,0.7352287872056864,0.9782608695652174,0.233160621761658,0.3765690376569037
SKAB,Automata,normal,7,4,4,Success,0.654178674351585,0.0,0.0,0.0
SKAB,LSTM,normal,7,4,5,Success,0.7352287872056864,0.9782608695652174,0.233160621761658,0.3765690376569037
SKAB,Automata,normal,7,4,5,Success,0.6116160496563955,0.4259259259259259,0.3873056994818653,0.4056987788331072
SKAB,LSTM,normal,7,4,6,Success,0.7352287872056864,0.9782608695652174,0.233160621761658,0.3765690376569037
SKAB,Automata,normal,7,4,6,Success,0.5491021946353358,0.1438953488372093,0.0641191709844559,0.0887096774193548
SKAB,LSTM,normal,7,5,3,Success,0.7352287872056864,0.9782608695652174,0.233160621761658,0.3765690376569037
SKAB,Automata,normal,7,5,3,Success,0.6632675681667036,1.0,0.0161917098445595,0.0318674314850223
SKAB,LSTM,normal,7,5,4,Success,0.7352287872056864,0.9782608695652174,0.233160621761658,0.3765690376569037
SKAB,Automata,normal,7,5,4,Success,0.652183551318998,0.0,0.0,0.0
SKAB,LSTM,normal,7,5,5,Success,0.7352287872056864,0.9782608695652174,0.233160621761658,0.3765690376569037
SKAB,Automata,normal,7,5,5,Success,0.6156062957215696,0.4375,0.4306994818652849,0.4340731070496083
SKAB,LSTM,normal,7,5,6,Success,0.7352287872056864,0.9782608695652174,0.233160621761658,0.3765690376569037
SKAB,Automata,normal,7,5,6,Success,0.5477721126136111,0.1457142857142857,0.0660621761658031,0.0909090909090909
SKAB,LSTM,normal,7,6,3,Success,0.7352287872056864,0.9782608695652174,0.233160621761658,0.3765690376569037
SKAB,Automata,normal,7,6,3,Success,0.6657060518731989,1.0,0.0233160621761658,0.0455696202531645
SKAB,LSTM,normal,7,6,4,Success,0.7352287872056864,0.9782608695652174,0.233160621761658,0.3765690376569037
SKAB,Automata,normal,7,6,4,Success,0.6417645754821547,0.0,0.0,0.0
SKAB,LSTM,normal,7,6,5,Success,0.7352287872056864,0.9782608695652174,0.233160621761658,0.3765690376569037
SKAB,Automata,normal,7,6,5,Success,0.5938816227000665,0.4117647058823529,0.4352331606217616,0.4231738035264483
SKAB,LSTM,normal,7,6,6,Success,0.7352287872056864,0.9782608695652174,0.233160621761658,0.3765690376569037
SKAB,Automata,normal,7,6,6,Success,0.5420084238528042,0.16015625,0.0796632124352331,0.1064013840830449
SKAB,LSTM,normal,999,3,3,Success,0.730786317192359,0.9797687861271676,0.2195595854922279,0.3587301587301587
SKAB,Automata,normal,999,3,3,Success,0.6577255597428509,0.5,0.0058290155440414,0.0115236875800256
SKAB,LSTM,normal,999,3,4,Success,0.730786317192359,0.9797687861271676,0.2195595854922279,0.3587301587301587
SKAB,Automata,normal,999,3,4,Success,0.6537353136776768,0.0,0.0,0.0
SKAB,LSTM,normal,999,3,5,Success,0.730786317192359,0.9797687861271676,0.2195595854922279,0.3587301587301587
SKAB,Automata,normal,999,3,5,Success,0.6051873198847262,0.4014962593516209,0.3128238341968912,0.3516563523844194
SKAB,LSTM,normal,999,3,6,Success,0.730786317192359,0.9797687861271676,0.2195595854922279,0.3587301587301587
SKAB,Automata,normal,999,3,6,Success,0.5406783418310795,0.1071428571428571,0.0466321243523316,0.0649819494584837
SKAB,LSTM,normal,999,4,3,Success,0.730786317192359,0.9797687861271676,0.2195595854922279,0.3587301587301587
SKAB,Automata,normal,999,4,3,Success,0.6648193305253824,1.0,0.0207253886010362,0.0406091370558375
SKAB,LSTM,normal,999,4,4,Success,0.730786317192359,0.9797687861271676,0.2195595854922279,0.3587301587301587
SKAB,Automata,normal,999,4,4,Success,0.654178674351585,0.0,0.0,0.0
SKAB,LSTM,normal,999,4,5,Success,0.730786317192359,0.9797687861271676,0.2195595854922279,0.3587301587301587
SKAB,Automata,normal,999,4,5,Success,0.6116160496563955,0.4259259259259259,0.3873056994818653,0.4056987788331072
SKAB,LSTM,normal,999,4,6,Success,0.730786317192359,0.9797687861271676,0.2195595854922279,0.3587301587301587
SKAB,Automata,normal,999,4,6,Success,0.5491021946353358,0.1438953488372093,0.0641191709844559,0.0887096774193548
SKAB,LSTM,normal,999,5,3,Success,0.730786317192359,0.9797687861271676,0.2195595854922279,0.3587301587301587
SKAB,Automata,normal,999,5,3,Success,0.6632675681667036,1.0,0.0161917098445595,0.0318674314850223
SKAB,LSTM,normal,999,5,4,Success,0.730786317192359,0.9797687861271676,0.2195595854922279,0.3587301587301587
SKAB,Automata,normal,999,5,4,Success,0.652183551318998,0.0,0.0,0.0
SKAB,LSTM,normal,999,5,5,Success,0.730786317192359,0.9797687861271676,0.2195595854922279,0.3587301587301587
SKAB,Automata,normal,999,5,5,Success,0.6156062957215696,0.4375,0.4306994818652849,0.4340731070496083
SKAB,LSTM,normal,999,5,6,Success,0.730786317192359,0.9797687861271676,0.2195595854922279,0.3587301587301587
SKAB,Automata,normal,999,5,6,Success,0.5477721126136111,0.1457142857142857,0.0660621761658031,0.0909090909090909
SKAB,LSTM,normal,999,6,3,Success,0.730786317192359,0.9797687861271676,0.2195595854922279,0.3587301587301587
SKAB,Automata,normal,999,6,3,Success,0.6657060518731989,1.0,0.0233160621761658,0.0455696202531645
SKAB,LSTM,normal,999,6,4,Success,0.730786317192359,0.9797687861271676,0.2195595854922279,0.3587301587301587
SKAB,Automata,normal,999,6,4,Success,0.6417645754821547,0.0,0.0,0.0
SKAB,LSTM,normal,999,6,5,Success,0.730786317192359,0.9797687861271676,0.2195595854922279,0.3587301587301587
SKAB,Automata,normal,999,6,5,Success,0.5938816227000665,0.4117647058823529,0.4352331606217616,0.4231738035264483
SKAB,LSTM,normal,999,6,6,Success,0.730786317192359,0.9797687861271676,0.2195595854922279,0.3587301587301587
SKAB,Automata,normal,999,6,6,Success,0.5420084238528042,0.16015625,0.0796632124352331,0.1064013840830449
CROSS_Train-BATADAL_Test-SKAB,LSTM,normal,42,4,3,Success,0.657041314971124,0.0,0.0,0.0
CROSS_Train-BATADAL_Test-SKAB,Automata,normal,42,4,3,Success,0.5765905564176458,0.3760162601626016,0.3594559585492228,0.3675496688741722
CROSS_Train-SKAB_Test-BATADAL,LSTM,normal,42,4,3,Success,0.9032648125755744,0.0,0.0,0.0
CROSS_Train-SKAB_Test-BATADAL,Automata,normal,42,4,3,Success,0.1004784688995215,0.0961538461538461,1.0,0.175438596491228
BATADAL,CNN,normal,42,4,3,Success,0.9032648125755743,0.0,0.0,0.0
SKAB,CNN,normal,42,4,3,Success,0.742780986228343,0.404320987654321,0.9825,0.2545336787564767
BATADAL,GRU,normal,42,4,3,Success,0.9032648125755743,0.0,0.0,0.0
BATADAL,CNN,normal,123,4,3,Success,0.9032648125755743,0.0,0.0,0.0
BATADAL,GRU,normal,123,4,3,Success,0.9032648125755743,0.0,0.0,0.0
BATADAL,CNN,normal,2026,4,3,Success,0.9032648125755743,0.0,0.0,0.0
SKAB,GRU,normal,42,4,3,Success,0.733229675699689,0.3682272488164124,0.9803921568627451,0.2266839378238342
BATADAL,GRU,normal,2026,4,3,Success,0.9032648125755743,0.0,0.0,0.0
BATADAL,CNN,normal,7,4,3,Success,0.9032648125755743,0.0,0.0,0.0
BATADAL,GRU,normal,7,4,3,Success,0.9032648125755743,0.0,0.0,0.0
BATADAL,CNN,normal,999,4,3,Success,0.9032648125755743,0.0,0.0,0.0
SKAB,CNN,normal,123,4,3,Success,0.7490004442470013,0.42697768762677485,0.9836448598130841,0.27266839378238344
BATADAL,GRU,normal,999,4,3,Success,0.9032648125755743,0.0,0.0,0.0
BATADAL,CNN,noisy,42,4,3,Success,0.9032648125755743,0.0,0.0,0.0
BATADAL,GRU,noisy,42,4,3,Success,0.9020556227327691,0.0,0.0,0.0
BATADAL,CNN,noisy,123,4,3,Success,0.9032648125755743,0.0,0.0,0.0
SKAB,GRU,normal,123,4,3,Success,0.7327854286983563,0.36517150395778364,0.9857549857549858,0.22409326424870465
BATADAL,GRU,noisy,123,4,3,Success,0.9032648125755743,0.0,0.0,0.0
BATADAL,CNN,noisy,2026,4,3,Success,0.9032648125755743,0.0,0.0,0.0
BATADAL,GRU,noisy,2026,4,3,Success,0.9032648125755743,0.0,0.0,0.0
BATADAL,CNN,noisy,7,4,3,Success,0.9032648125755743,0.0,0.0,0.0
SKAB,CNN,normal,2026,4,3,Success,0.748778320746335,0.426179604261796,0.9836065573770492,0.27202072538860106
BATADAL,GRU,noisy,7,4,3,Success,0.9032648125755743,0.0,0.0,0.0
BATADAL,CNN,noisy,999,4,3,Success,0.9032648125755743,0.0,0.0,0.0
BATADAL,GRU,noisy,999,4,3,Success,0.9032648125755743,0.0,0.0,0.0
BATADAL,CNN,unseen,42,4,3,Success,0.9032648125755743,0.0,0.0,0.0
BATADAL,GRU,unseen,42,4,3,Success,0.9032648125755743,0.0,0.0,0.0
SKAB,GRU,normal,2026,4,3,Success,0.7165704131497113,0.29812981298129815,0.9890510948905109,0.17551813471502592
BATADAL,CNN,unseen,123,4,3,Success,0.9032648125755743,0.0,0.0,0.0
BATADAL,GRU,unseen,123,4,3,Success,0.9032648125755743,0.0,0.0,0.0
BATADAL,CNN,unseen,2026,4,3,Success,0.9032648125755743,0.0,0.0,0.0
BATADAL,GRU,unseen,2026,4,3,Success,0.9032648125755743,0.0,0.0,0.0
BATADAL,CNN,unseen,7,4,3,Success,0.9032648125755743,0.0,0.0,0.0
BATADAL,GRU,unseen,7,4,3,Success,0.9032648125755743,0.0,0.0,0.0
BATADAL,CNN,unseen,999,4,3,Success,0.9032648125755743,0.0,0.0,0.0
BATADAL,GRU,unseen,999,4,3,Success,0.9032648125755743,0.0,0.0,0.0
SKAB,CNN,normal,42,4,3,Success,0.742780986228343,0.404320987654321,0.9825,0.2545336787564767
SKAB,GRU,normal,42,4,3,Success,0.733229675699689,0.3682272488164124,0.9803921568627451,0.2266839378238342
SKAB,CNN,normal,123,4,3,Success,0.7490004442470013,0.42697768762677485,0.9836448598130841,0.27266839378238344
SKAB,GRU,normal,123,4,3,Success,0.7327854286983563,0.36517150395778364,0.9857549857549858,0.22409326424870465
SKAB,CNN,normal,2026,4,3,Success,0.748778320746335,0.426179604261796,0.9836065573770492,0.27202072538860106
SKAB,GRU,normal,2026,4,3,Success,0.7165704131497113,0.29812981298129815,0.9890510948905109,0.17551813471502592
SKAB,CNN,normal,7,4,3,Success,0.7516659262549977,0.43592330978809285,0.9863013698630136,0.27979274611398963
SKAB,GRU,normal,7,4,3,Success,0.657041314971124,0.0,0.0,0.0
SKAB,CNN,normal,999,4,3,Success,0.745224344735673,0.4126984126984127,0.9853300733496333,0.2610103626943005
SKAB,GRU,normal,999,4,3,Success,0.7276765881830297,0.3450854700854701,0.9847560975609756,0.20919689119170984
CROSS_Train-BATADAL_Test-SKAB,CNN,normal,42,4,3,Success,0.657041314971124,0.0,0.0,0.0
CROSS_Train-BATADAL_Test-SKAB,GRU,normal,42,4,3,Success,0.657041314971124,0.0,0.0,0.0
CROSS_Train-BATADAL_Test-SKAB,CNN,normal,123,4,3,Success,0.657041314971124,0.0,0.0,0.0
CROSS_Train-BATADAL_Test-SKAB,GRU,normal,123,4,3,Success,0.657041314971124,0.0,0.0,0.0
CROSS_Train-BATADAL_Test-SKAB,CNN,normal,2026,4,3,Success,0.657041314971124,0.0,0.0,0.0
CROSS_Train-BATADAL_Test-SKAB,GRU,normal,2026,4,3,Success,0.657041314971124,0.0,0.0,0.0
CROSS_Train-BATADAL_Test-SKAB,CNN,normal,7,4,3,Success,0.657041314971124,0.0,0.0,0.0
CROSS_Train-BATADAL_Test-SKAB,GRU,normal,7,4,3,Success,0.657041314971124,0.0,0.0,0.0
CROSS_Train-BATADAL_Test-SKAB,CNN,normal,999,4,3,Success,0.657041314971124,0.0,0.0,0.0
CROSS_Train-BATADAL_Test-SKAB,GRU,normal,999,4,3,Success,0.657041314971124,0.0,0.0,0.0
CROSS_Train-SKAB_Test-BATADAL,CNN,normal,42,4,3,Success,0.9032648125755743,0.0,0.0,0.0
CROSS_Train-SKAB_Test-BATADAL,GRU,normal,42,4,3,Success,0.9032648125755743,0.0,0.0,0.0
CROSS_Train-SKAB_Test-BATADAL,CNN,normal,123,4,3,Success,0.9032648125755743,0.0,0.0,0.0
CROSS_Train-SKAB_Test-BATADAL,GRU,normal,123,4,3,Success,0.9032648125755743,0.0,0.0,0.0
CROSS_Train-SKAB_Test-BATADAL,CNN,normal,2026,4,3,Success,0.9032648125755743,0.0,0.0,0.0
CROSS_Train-SKAB_Test-BATADAL,GRU,normal,2026,4,3,Success,0.9032648125755743,0.0,0.0,0.0
CROSS_Train-SKAB_Test-BATADAL,CNN,normal,7,4,3,Success,0.9032648125755743,0.0,0.0,0.0
CROSS_Train-SKAB_Test-BATADAL,GRU,normal,7,4,3,Success,0.9032648125755743,0.0,0.0,0.0
CROSS_Train-SKAB_Test-BATADAL,CNN,normal,999,4,3,Success,0.9032648125755743,0.0,0.0,0.0
CROSS_Train-SKAB_Test-BATADAL,GRU,normal,999,4,3,Success,0.9032648125755743,0.0,0.0,0.0
